{"cameraMode":{"drawMode":0,"name":"Shaded","section":"Shading Mode"},"sceneLighting":true,"audioPlay":false,"sceneViewState":{"showFog":false,"showMaterialUpdate":false,"showSkybox":true,"showFlares":true,"showImageEffects":true,"showParticleSystems":true},"in2DMode":false,"pivot":{"x":3.302151679992676,"y":-20.04940414428711,"z":97.59497833251953},"rotation":{"x":0.1448865532875061,"y":0.03709609434008598,"z":-0.0054366872645914558,"w":0.9887436032295227},"size":59.96764373779297,"orthographic":false}